[
  {
    "estrato": 1,
    "tipoVivienda": "casa",
    "tipoTecho": "plano",
    "presupuesto": 3000000,
    "ciudad": "sabaneta",
    "recomendacion": "Puedes instalar un sistema fotovoltaico básico para el hogar. Revisa si hay subsidios locales en sabaneta."
  },
  {
    "estrato": 3,
    "tipoVivienda": "apartamento",
    "tipoTecho": "plano",
    "presupuesto": 5000000,
    "ciudad": "la estrella",
    "recomendacion": "Puedes instalar un sistema fotovoltaico básico para el hogar. Revisa si hay subsidios locales en la estrella."
  },
  {
    "estrato": 3,
    "tipoVivienda": "casa",
    "tipoTecho": "plano",
    "presupuesto": 5000000,
    "ciudad": "sabaneta",
    "recomendacion": "Puedes instalar un sistema fotovoltaico básico para el hogar. Revisa si hay subsidios locales en sabaneta."
  },
  {
    "estrato": 2,
    "tipoVivienda": "apartamento",
    "tipoTecho": "inclinado",
    "presupuesto": 9000000,
    "ciudad": "sabaneta",
    "recomendacion": "Tienes un buen presupuesto. Puedes considerar paneles solares con baterías de respaldo o sistemas híbridos con energía eólica si estás en zona rural. Como vives en apartamento, verifica la posibilidad de instalar en áreas comunes o usar soluciones comunitarias."
  },
  {
    "estrato": 4,
    "tipoVivienda": "apartamento",
    "tipoTecho": "inclinado",
    "presupuesto": 9000000,
    "ciudad": "sabaneta",
    "recomendacion": "Tienes un buen presupuesto. Puedes considerar paneles solares con baterías de respaldo o sistemas híbridos con energía eólica si estás en zona rural. Como vives en apartamento, verifica la posibilidad de instalar en áreas comunes o usar soluciones comunitarias."
  },
  {
    "estrato": 6,
    "tipoVivienda": "finca",
    "tipoTecho": "inclinado",
    "presupuesto": 10000000,
    "ciudad": "envigado",
    "recomendacion": "Tienes un buen presupuesto. Puedes considerar paneles solares con baterías de respaldo o sistemas híbridos con energía eólica si estás en zona rural."
  },
  {
    "estrato": 1,
    "tipoVivienda": "casa",
    "tipoTecho": "plano",
    "presupuesto": 555555555,
    "ciudad": "rionegro",
    "recomendacion": "Tienes un buen presupuesto. Puedes considerar paneles solares con baterías de respaldo o sistemas híbridos con energía eólica si estás en zona rural."
  },
  {
    "estrato": 1,
    "tipoVivienda": "casa",
    "tipoTecho": "plano",
    "presupuesto": 55,
    "ciudad": "itagui",
    "recomendacion": "Con un presupuesto bajo, se recomienda iniciar con paneles solares pequeños o kits solares portátiles para iluminación y carga básica."
  }
]